ZS,7/31/2018,56174000,44673000,11920000,-2738000
ZS,7/31/2019,56174000,44673000,11920000,-2738000
ZS,7/31/2020,56174000,44673000,11920000,-2738000
ZS,7/31/2021,56174000,44673000,11920000,-2738000
ZS,7/31/2022,56174000,44673000,11920000,-2738000
ZS,7/31/2023,56174000,44673000,11920000,-2738000
ZS,7/31/2024,56174000,44673000,11920000,-2738000
ZS,7/31/2025,56174000,44673000,11920000,-2738000
ZS,7/31/2026,56174000,44673000,11920000,-2738000
ZS,7/31/2027,56174000,44673000,11920000,-2738000
ZS,7/31/2028,56174000,44673000,11920000,-2738000
ZS,7/31/2029,56174000,44673000,11920000,-2738000
ZS,7/31/2030,56174000,44673000,11920000,-2738000
ZS,7/31/2031,56174000,44673000,11920000,-2738000
ZS,7/31/2032,56174000,44673000,11920000,-2738000
ZS,7/31/2033,56174000,44673000,11920000,-2738000
ZS,7/31/2034,56174000,44673000,11920000,-2738000
ZS,7/31/2035,56174000,44673000,11920000,-2738000
ZS,7/31/2036,56174000,44673000,11920000,-2738000
ZS,7/31/2037,56174000,44673000,11920000,-2738000
ZS,7/31/2038,56174000,44673000,11920000,-2738000
ZS,7/31/2039,56174000,44673000,11920000,-2738000
ZS,7/31/2040,56174000,44673000,11920000,-2738000
ZS,7/31/2041,56174000,44673000,11920000,-2738000
ZS,7/31/2042,56174000,44673000,11920000,-2738000
ZS,7/31/2043,56174000,44673000,11920000,-2738000
ZS,7/31/2044,56174000,44673000,11920000,-2738000
ZS,7/31/2045,56174000,44673000,11920000,-2738000
